cell_id,gear_id,time,a,hours_fished,value
1,GC11,0,18.7457133289,68,7065.6120182198
2,GC11,0,16.5403352902,60,20639.2873806998
3,GC11,0,14.3265474498,52,15479.4655355249
4,GC11,0,50.8046614223,184.0510212933,7490.675960551
1,GC11,1,16.5522830387,60,2680.9055236201
2,GC11,1,41.283942833,150,13818.7444326617
3,GC11,1,12.3492327571,44.8230884392,7384.574782009
4,GC11,1,13.2322682321,48,2439.3355206306
